Covidence #,Study ID,Title,Reviewer Name,Objectifs de l'étude,Langage de requête,Langage d'arrimage,Méthode d'opérationnalisation,Utilisation du modèle commun,Couverture des exigences:,E01 – Indépendance au MCD Oui / Non / NA / ?,E01 – Indépendance au MCD Détail,E02 – Documentation explicite du procédé Oui / Non / NA / ?,E02 – Documentation explicite du procédé Détail,E03 – Documentation des arrimages Oui / Non / NA / ?,E03 – Documentation des arrimages Détail,E04 – Support de différents SGBD Oui / Non / NA / ?,E04 – Support de différents SGBD Détail,E05 – Accessibilité du code source Oui / Non / NA / ?,E05 – Accessibilité du code source Détail,E06 – Support des types de données utilisés dans le modèle de connaissance Oui / Non / NA / ?,E06 – Support des types de données utilisés dans le modèle de connaissance Détail,E07 – Documentation d’un procédé d’individuation Oui / Non / NA / ?,E07 – Documentation d’un procédé d’individuation Détail,Court résumé
1080,Chen 2005,DartGrid III: A semantic grid toolkit for data integration,Consensus,Permettre l'accès aux données de sources hétérogènes dans un format RDF,SPARQL,Relationnel,Médiation,Centré sur le modèle commun,"",Oui,"",Non,"",Non,"",?,"",Non,"",Non,"",Non,"","DartGrid propose de définir une ontologie de domaine pour chaque ""organisation virtuelle"". Trois services sont définis. D'abord, le service d'ontologies expose les ontologies de domaines. Ensuite, une nouvelle source de données pourra spécifier un arrimage qui sera enregistré dans un service d’enregistrement sémantique. Finalement, les requêtes sont spécifiées sur l'ontologie de domaine et traduites par le service de requête sémantique dans des requêtes SQL exécutable sur la source de données. Pour ce qui est de l'arrimage spécifiquement, il s'agit de définir une vue RDF pour chaque relation de la source de données. Ces vues sont exprimées par des expressions relationnelles dans un langage similaire à Datalog."
849,Berardi 2015,R2BA: Rationalizing R2RML mapping by assertion,Consensus,Proposer une méthode d'arrimage R2RML qui sois plus transparente par rapport aux changements induites à la source par l'arrimage.,SPARQL,DSL,Médiation,Centré sur la source,"",Oui,"",Non,Les choix de conceptions d'arrimage sont à la discrétion de la personne responsable de l'arrimage.,Oui,"",?,"",Non,"",Non,"",Non,"","La méthode proposée est divisée en trois partie. D'abord, l'utilisateur développe un arrimage entre certaines constructions de la source de données (tables, attributs, contraintes, etc.) et certaines constructions de différentes ontologies, aux choix de celui-ci. Ces assertions sont définies de tel sorte à engendrer une ontologie. Ensuite, l'ontologie engendrée est enrichie d'annotations et de recommandations d'alignement. Cette partie est composée d'une partie automatique lors de laquelle un algorithme effectue des propositions en laissant des traces précises de ces recommandations, puis un utilisateur pourra accepter ou refuser ces propositions en annotant l'ontologie à l'aide de ses constats. Finalement, les expressions d'arrimage sont transformées en vues SQL dans le but d'exposer uniquement la partie de la source qui est nécessaire à l'arrimage, et un arrimage R2RML est produit de façon à permettre l'accès à ces vues à l'aide de SPARQL. La méthode laisse encore une fois libre au lecteur les choix d'implémentation de l'individuation."
625,Köhler 2003,SEMEDA: ontology based semantic integration of biological databases.,Consensus,Unifier des bases de données biologiques à l'aide d'un vocabulaire contrôlé où une ontologie ,Other: Interface graphique,Relationnel,Alimentation,Centré sur le modèle commun,"",oui,"",non,"",non,"",oui,"",non,"",non,"",non,"","L'article propose un modèle de description d'une source de données biologiques permettant son interopérabilité avec d'autres sources de données. La source de données est décrite d'une façon telle qu'il est possible d'utiliser une ontologie ou n'importe quel vocabulaire contrôlé possédant une hiérarchie basée sur une relation de subsomption analogue à la relation ""is-a"". Cette relation sera utilisée pour permettre de rechercher des informations à propos d'un élément spécifique tout au long de sa chaîne d'héritage. Les données unifiées sont accessibles via une interface graphique et encodée en terme de l'ontologie.

L'article détaille plusieurs situations où le schéma de la base de données et même les données elles-mêmes sont souvent insuffisants pour capturer la richesse de l'information d'une source de données. Beaucoup d'information reste dans la tête des concepteurs ou des utilisateurs d'une source de données. L'article donne l'exemple d'une table qui contiendrait des données à propos d'une seule espèce de souris, il est fort probable que l'espèce ne soit pas notés dans la source de données, puisqu'évidente pour la personne qui récolte des données spécifiquement à propos de l'espèce Mus Musculus. "
609,Mate 2015,Ontology-based data integration between clinical and research systems.,Consensus,Permettre l'accès à des données médico-administratives pour la recherche à partir d'un entrepôt de données défini à partir d'une ontologie de référence,Relationnel,Relationnel,Alimentation,Centré sur le modèle commun,"",oui,"",non,"",non,"",non,"",non,"",oui,"",non,"","L'article propose une méthode pour permettre d'accéder aux données médico-administratives distribuées dans de nombreux formulaires spécifiques à des activités de soins à des fins de recherche. Pour ce faire, ils ont développés une ontologie pouvant être instanciée pour une source de données spécifique. Cette ontologie représente l'arrimage entre la source de données et le modèle de référence utilisé pour l'entrepôt de données. Par exemple, on peut utiliser la terminologie associée à I2B2 comme ontologie de référence et définir une ontologie locale décrivant comment récupérer chacun des concepts à importer dans l'entrepôt. Un des objectifs principaux est de fournir une annotation sémantique précise des données présentes dans le DMÉ. La méthode consigne les relations médicales contextuelles entre les éléments de données au sein des arrimages, en particulier les connaissances médicales qui peuvent être cachées dans le DME. Ils donnent l'exemple d'une date d'analyse inclue dans un formulaire qui ne serait pas visible par le DMÉ, puisqu'il consignerait uniquement la date de saisie du formulaire."
524,Banhalmi 2013,Development of a Novel Semantic-based System Integration Framework,Consensus,Proposer une méthode de médiation basé sur les ontologies,SPARQL,DSL,Médiation,Centré sur le modèle commun,"",Oui,"",Non,"",Non,"",Oui,"",Non,"",Oui,"",Non,"","La méthode propose de générer un arrimage Quest (algorithme à la base de Ontop) de sorte à rendre disponible la source sous la forme d'une ontologie. L'ontologie locale sera semi-automatiquement arrimée à une ontologie globale de sorte à pouvoir traduire une requête SPARQL définie avec les termes de l'ontologie globale en une requête SPARQL définie avec les termes de l'ontologie locale, qui sera elle-même traduire en une requête SQL sur la source de données.

L'arrimage entre l'ontologie locale et centrale prend la forme de la traduction de requêtes SPARQL prédéfinies sur l'ontologie globale dans des requêtes SPARQL définies sur l'ontologie locale. Cette traduction est principalement effectuée à la main."
482,Sicilia 2017,Map-On: A web-based editor for visual ontology mapping,Consensus,Appuyer le processus de développement d'arrimage par une interface graphique,SPARQL,R2RML,Médiation,Centré sur le modèle commun,"",oui,"",non,"",non,"",oui,"",oui,"",non,"",non,"","L'article propose une interface graphique permettant d'appuyer le processus d'arrimage. La contribution principale correspond à l'argumentation en faveur d'une visualisation des différents éléments de l'arrimage avec un graphe plutôt qu'avec un arbre de sorte à ce que la visualisation de ceux-ci soient plus intuitives. L'éditeur d'arrimage proposé permet le développement de l'arrimage à l'aide de simple clic plutôt que de l'écriture d'expressions complexes. Cette interface permet à le développement très rapide d'arrimages simples. C'est-à-dire que l'interface affiche l'ensemble des éléments de l'arrimage ce qui est très pratique pour un arrimage qui possède peut d'élément, mais semble une limitation pour des arrimages de grande envergure. Un autre élément de complexité qui n'est pas pris en compte par le système est les clés primaires composites où des expressions relationnelles plus complexes."
461,Asprino 2023,Knowledge Graph Construction with a<i>Façade</i>: A Unified Method to Access Heterogeneous Data Sources on the Web,Consensus,Donner accès à la source en RDF avant de procéder à l'arrimage,SPARQL,SPARQL,Alimentation,Centré sur le modèle commun,"",Oui,"",Non,"L'arrimage est complètement laissé de côté dans la description du procédé. Par exemple: ""The KG engineer designs a set
of mappings aimed at identifying the data that fulfil information needs from the source and de-
vises their representation into RDF, often according to a pre-existing ontology (design)"" ou encore: "". It is worth noticing that the decision of what is
a container and how containers are nested is up to the façade engineer, who has a large degree of
flexibility for defining the mapping.""",Non,"",Non,"",Non,"",Oui,"",Non,"","L'article propose une méthode pour accéder à des données relationnelles, CSV, JSON, HTML, etc. à l'aide de SPARQL. Pour ce faire, les auteurs proposent deux étapes: 1) l'utilisation de leur outil SPARQL Anything pour la transformation du modèle original dans un méta-modèle nommé Facade-X de façon à pouvoir 2) permettre l'interrogation des données comme s'il s'agissait de RDF et ainsi pouvoir créer un arrimage vers l'ontologie de référence à l'aide d'expression CONSTRUCT de SPARQL. L'idée étant de découpler les problématiques d'hétérogénéité structurelle et des problématiques d'hétérogénéité sémantique. Le procédé d'extraction est bien explicité, listant ses acteurs et ses artefacts. Cependant, la partie arrimage de celui-ci reste à la discrétion de la personne faisant l'ingénierie de la façade ou de la personne faisant l'ingénierie du graphe de connaissance.

Le procédé de transformation de la source de données dans le méta-modèle Facade-X se base sur des structures de données de bases qui sont associés à des constructeurs RDF pour la triplification.

Un élément notable est que la première phase ne comporte aucune transformation autre que structurelle. Le modèle exprimé est strictement tel quel, mais sous la forme de RDF. "
413,Calvanese 2017,Ontop: answering SPARQL queries over relational databases,Consensus,Permettre l'accès aux données d'un SGBD à partir de requêtes SPARQL,SPARQL,R2RML,Médiation,Centré sur le modèle commun,"",Oui,"",Non,"",Non,"",Oui,"",Oui,"",Non,Conversion en chaîne de caractères,Non,"","Ontop est un système d'accès aux données basés sur les ontologies très populaire en Europe. Il expose une base de données relationnelle par un graphe RDF virtuel défini à l'aide d'un arrimage R2RML. Une personne peut accéder aux données de la source de données en exécutant des requêtes SPARQL qui seront traduites dans un modèle de requête intermédiaire qui pourra être décomposés jusqu'à sa forme exprimée en termes de la source de données. Une fois la requête entrante complètement définies à l'aide de termes de la source de données, elle est traduite en SQL qui pourra être exécuté. Le résultat sera, par la suite, traduit en chaîne de caractères ou en triplets RDF selon s'il s'agit d'une requête SELECT ou CONSTRUCT. "
327,Pankowski 2017,Exploring ontology-enhanced bibliography databases using faceted search,Consensus,L'article vise à permettre l'accès aux données à l'aide de formulaires construits sur la base des termes d'une ontologie. ,Other: Interface graphique,DSL,Médiation,Centré sur le modèle commun,"",oui,"",non,"",non,"",non,"",oui,"",non,"",non,"","L'arrimage entre l'ontologie de référence et la base de données est réalisé à l'aide de règles simples, stockées directement dans une base de données relationnelle. Ces règles définissent les relations entre les concepts de l'ontologie et les structures de données sous-jacentes. Une classe se voit attribuer une colonne servant de clé primaire et une propriété d'objet correspond à la description d'une jointure entre deux colonnes."
210,Jia 2012,SMap: Semantically mapping relational database schemas to OWL ontologies,Consensus,Exposer une base de données relationnelle à l'aide de RDF/OWL,SPARQL,Relationnel,Alimentation,Centré sur le modèle commun,"",oui,"",non,"",non,"",?,"on indique que le modèle ne pose pas d'hypothèse sur la base de données, mais on ne parle que d'Oracle",non,"",non,"",non,"",L'approche consiste à transformer la base de données relationnelle en une ontologie OWL conceptuelle. L'arrimage est stocké sous la forme d'une base de données relationnelle. Le focus de l'article correspond spécifiquement au modèle de cette base de données. La seule mention d'individuation présente dans l'article correspond au retrait de doublon survenant lorsque deux classes sont arrimées via le même attribut.
202,Pinkel 2014,How to best find a partner? An evaluation of editing approaches to construct R2RML mappings,Consensus,Déterminer quelle est la meilleure façon d'appuyer une personne ayant à développer un arrimage R2RML,SPARQL,R2RML,Médiation,Centré sur le modèle commun,"",oui,"",non,"",non,"",NA,"",non,"",non,"",non,"","L'article propose un éditeur R2RML permettant de simplifier la création d'un arrimage entre une source de données relationnelle et une ontologie. Deux éléments ressortent. Le premier est qu'il est crucial de trouver une balance entre la liberté de R2RML qui ajoute une couche de complexité importante et un procédé d'arrimage qui serait trop contraignant. Le second est qu'il est important de bien adapter l'approche selon l'expertise de la personne qui développe l'arrimage. Par ailleurs, l'article montre que, paradoxalement, il est préférable que le procédé se base sur l'élément le moins maîtrisé par l'utilisateur entre les bases de données relationnelles et les ontologies. En effet, l'élément sur lequel se base le procédé sera normalement plus explicite, alors que l'autre sera plus caché. L'utilisateur aura plus de facilité à chercher dans la technologie qu'il maîtrise le mieux. Par exemple, si on affiche l'ontologie à l'utilisateur et qu'il doit chercher dans la base de données relationnelle, il est avantageux pour l'utilisateur d'avoir une expertise des bases de données relationnelles."
186,Stanimirovic 2013,Methodology and intermediate layer for the automatic creation of ontology instances stored in relational databases,Consensus,"","Other: Intégration à un langage objet (C#, Java, etc.)",DSL,Médiation,Centré sur le modèle commun,"",oui,"",non,"",non,"",?,"",non,"",non,"",non,"",La méthode propose de générer automatiquement une ontologie représentant la source de données et de l'arrimer à une ontologie de référence. L'arrimage est produit à l'aide d'un langage spécifiquement développé pour être pratique pour l'arrimage de données géographiques. Cet arrimage est ensuite transformé en classes d'un langage orienté objet qui pourront être utilisées directement par un système consommant ces les données harmonisées.
154,Cure 2008,Data integration for the semantic web with full preferences,Consensus,Réunir les données de plusieurs sources de données dans un même modèle de connaissance RDF.,SPARQL,XML,Alimentation,Centré sur la source,"",oui,"",non,"",oui,on stocke uniquement un niveau de confiance permettant d'établir une priorité en cas de chevauchement entre les sources de données,oui,"",non,"",non,"",non,"","L'article propose de définir un modèle de connaissance en transformant plusieurs bases de données relationnelles en un même modèle RDF. Au moment de l'arrimage, on considère que la TBox est déjà existante. Puis, les données sont intégrés dans la ABox. Puisque les données de deux source peuvent se chevaucher, l'arrimage contient également l'information de quelle source de données servira de source de vérité principale. La méthode prévoit un traitement spécial pour un attribut utilisé comme clé primaire. Celui-ci est ajouté au modèle RDF via une propriété ""hasIdValue"" permettant de retracer les informations dans la source de données une fois le processus complété. "
144,Deray 2003,Towards a semantic integration of medical relational databases by using ontologies: A case study,Consensus,Décrire un langage permettant de définir un arrimage entre une base de données relationnelle et une ontologie de façon naturelle,Other: représentation des données dans une application,DSL,Médiation,Centré sur le modèle commun,"",oui,"",non,"",non,"",oui,"",non,"",non,"",non,"","La méthode propose de définir une base de données relationnelle et une ontologie de référence de sorte à permettre la traduction d'une requête écrite en termes de l'ontologie de référence en une requête exécutable sur la source de données. L'arrimage est décrit à l'aide de XML et est défini de façon semi-automatique. Cet arrimage fait le lien entre une colonne de la base de données et un concept de l'ontologie. Chaque entrées de cette colonne deviendra une instance du concept. L'entrée humaine reste essentielle dans le processus, puisque 1) les noms des tables et des colonnes peuvent être obscurs, en raison de l'utilisation d'abréviations non standard. 2) dans une grande ontologie, un nom spécifique peut correspondre à plusieurs concepts. 3) dans une petite ontologie, un nom spécifique peut ne correspondre à aucun concept. L'arrimage peut également être fait par rapport à une valeur d'une colonne plutôt que directement par la colonne. Par exemple, une colonne nommée ""nom_voix"" possédant une entrée ayant pour valeur ""buccal"" pourra être arrimé à un sous-concept du concept de ""voie d'administration"". Un avantage du langage d'arrimage proposé est qu'il permet de lier certaines informations de façon lexicale plutôt que sémantique. Par exemple, si la source de données possède l'information ""nom de compagnie"", mais que ce concept n'existe pas dans l'ontologie. L'information peut tout de même être lié au concept de compagnie."
101,Wang 2009,Integrating heterogeneous data source using ontology,Consensus,Permettre l'accès aux données d'une source de données à l'aide de requête SPARQL définies en termes d'une ontologie de référence,SPARQL,SPARQL,Médiation,Centré sur le modèle commun,"",oui,"",non,"",non,"",oui,"",non,"",non,"",non,"",La méthode propose de décrire chaque relation de la source de données à l'aide d'une expression SPARQL définie en terme d'une ontologie de référence. Une requête SPARQL pourra ensuite être décomposée en sous-requêtes qui pourront être transformées en requête SQL exécutable sur la source de données. Cette façon de faire est particulièrement intéressante  lorsque la source de données est structurée d'une façon telle que les attributs des relations correspondent à des éléments directement représentés dans l'ontologie de référence.
100,Yamamoto 2015,D2RQ Mapper,Consensus,Permettre l'accès à des données d'une base de données relationnelle à l'aide de requêtes exprimées dans les termes d'une ontologie de référence.,SPARQL,DSL,Médiation,Centré sur le modèle commun,"",oui,"",non,"",non,"",oui,"",oui,"",non,"",non,"","L'article propose un langage de base permettant de définir un arrimage entre une source de données relationnelle et une ontologie de référence dans le but de fournir une interface SPARQL pour accéder aux données. La personne responsable de l'arrimage peut utiliser une interface web pour associer chaque élément de la base de données à un élément de l'ontologie. Par défaut, l'ontologie cible correspond à une représentation directe de la source de données, mais l'utilisateur peut la modifier pour faire en sorte de produire un modèle compatible avec une ontologie pré-existante.  "
