PMID,Title,Authors,Citation,First Author,Journal/Book,Publication Year,Create Date,PMCID,NIHMS ID,DOI
"34707915","A linked data graph approach to integration of immunological data","Bukhari SAC, Mandell J, Kleinstein SH, Cheung KH.","Proceedings (IEEE Int Conf Bioinformatics Biomed). 2019 Nov;2019:1742-1749. doi: 10.1109/bibm47256.2019.8982986. Epub 2020 Feb 6.","Bukhari SAC","Proceedings (IEEE Int Conf Bioinformatics Biomed)","2019","2021/10/28","PMC8547546","NIHMS1650506","10.1109/bibm47256.2019.8982986"
"28982381","Querying clinical data in HL7 RIM based relational model with morph-RDB","Priyatna F, Alonso-Calvo R, Paraiso-Medina S, Corcho O.","J Biomed Semantics. 2017 Oct 5;8(1):49. doi: 10.1186/s13326-017-0155-8.","Priyatna F","J Biomed Semantics","2017","2017/10/07","PMC5629785","","10.1186/s13326-017-0155-8"
"34433410","LinkedImm: a linked data graph database for integrating immunological data","Bukhari SAC, Pawar S, Mandell J, Kleinstein SH, Cheung KH.","BMC Bioinformatics. 2021 Aug 25;22(Suppl 9):105. doi: 10.1186/s12859-021-04031-9.","Bukhari SAC","BMC Bioinformatics","2021","2021/08/26","PMC8385794","","10.1186/s12859-021-04031-9"
"28423769","Linked Data Applications Through Ontology Based Data Access in Clinical Research","Kock-Schoppenhauer AK, Kamann C, Ulrich H, Duhm-Harbeck P, Ingenerf J.","Stud Health Technol Inform. 2017;235:131-135.","Kock-Schoppenhauer AK","Stud Health Technol Inform","2017","2017/04/21","","",""
"31697362","Enabling semantic queries across federated bioinformatics databases","Sima AC, Mendes de Farias T, Zbinden E, Anisimova M, Gil M, Stockinger H, Stockinger K, Robinson-Rechavi M, Dessimoz C.","Database (Oxford). 2019 Jan 1;2019:baz106. doi: 10.1093/database/baz106.","Sima AC","Database (Oxford)","2019","2019/11/08","PMC6836710","","10.1093/database/baz106"
"25588043","Ontology-based data integration between clinical and research systems","Mate S, Köpcke F, Toddenroth D, Martin M, Prokosch HU, Bürkle T, Ganslandt T.","PLoS One. 2015 Jan 14;10(1):e0116656. doi: 10.1371/journal.pone.0116656. eCollection 2015.","Mate S","PLoS One","2015","2015/01/15","PMC4294641","","10.1371/journal.pone.0116656"
"23742129","Computational framework to support integration of biomolecular and clinical data within a translational approach","Miyoshi NS, Pinheiro DG, Silva WA Jr, Felipe JC.","BMC Bioinformatics. 2013 Jun 6;14:180. doi: 10.1186/1471-2105-14-180.","Miyoshi NS","BMC Bioinformatics","2013","2013/06/08","PMC3688149","","10.1186/1471-2105-14-180"
"32647404","""Just-in-time"" generation of datasets by considering structured representations of given consent for GDPR compliance","Debruyne C, Pandit HJ, Lewis D, O'Sullivan D.","Knowl Inf Syst. 2020;62(9):3615-3640. doi: 10.1007/s10115-020-01468-x. Epub 2020 Apr 15.","Debruyne C","Knowl Inf Syst","2020","2020/07/11","PMC7327958","","10.1007/s10115-020-01468-x"
"19796394","A journey to Semantic Web query federation in the life sciences","Cheung KH, Frost HR, Marshall MS, Prud'hommeaux E, Samwald M, Zhao J, Paschke A.","BMC Bioinformatics. 2009 Oct 1;10 Suppl 10(Suppl 10):S10. doi: 10.1186/1471-2105-10-S10-S10.","Cheung KH","BMC Bioinformatics","2009","2009/10/03","PMC2755818","","10.1186/1471-2105-10-S10-S10"
"27605099","OntoBrowser: a collaborative tool for curation of ontologies by subject matter experts","Ravagli C, Pognan F, Marc P.","Bioinformatics. 2017 Jan 1;33(1):148-149. doi: 10.1093/bioinformatics/btw579. Epub 2016 Sep 6.","Ravagli C","Bioinformatics","2017","2016/09/09","PMC5408772","","10.1093/bioinformatics/btw579"
"31592524","Leaf: an open-source, model-agnostic, data-driven web application for cohort discovery and translational biomedical research","Dobbins NJ, Spital CH, Black RA, Morrison JM, de Veer B, Zampino E, Harrington RD, Britt BD, Stephens KA, Wilcox AB, Tarczy-Hornoch P, Mooney SD.","J Am Med Inform Assoc. 2020 Jan 1;27(1):109-118. doi: 10.1093/jamia/ocz165.","Dobbins NJ","J Am Med Inform Assoc","2020","2019/10/09","PMC6913227","","10.1093/jamia/ocz165"
"23616864","Unlocking Data for Clinical Research - The German i2b2 Experience","Ganslandt T, Mate S, Helbing K, Sax U, Prokosch HU.","Appl Clin Inform. 2011 Mar 30;2(1):116-27. doi: 10.4338/ACI-2010-09-CR-0051. Print 2011.","Ganslandt T","Appl Clin Inform","2011","2013/04/26","PMC3631913","","10.4338/ACI-2010-09-CR-0051"
"22163378","Using ontology databases for scalable query answering, inconsistency detection, and data integration","Lependu P, Dou D.","J Intell Inf Syst. 2011 Oct;37(2):217-244. doi: 10.1007/s10844-010-0133-4.","Lependu P","J Intell Inf Syst","2011","2011/12/14","PMC3230227","NIHMS280528","10.1007/s10844-010-0133-4"
"26534843","Integrated Data Repository Toolkit (IDRT). A Suite of Programs to Facilitate Health Analytics on Heterogeneous Medical Data","Bauer CR, Ganslandt T, Baum B, Christoph J, Engel I, Löbe M, Mate S, Stäubert S, Drepper J, Prokosch HU, Winter A, Sax U.","Methods Inf Med. 2016;55(2):125-35. doi: 10.3414/ME15-01-0082. Epub 2015 Nov 4.","Bauer CR","Methods Inf Med","2016","2015/11/05","","","10.3414/ME15-01-0082"
"14668226","SEMEDA: ontology based semantic integration of biological databases","Köhler J, Philippi S, Lange M.","Bioinformatics. 2003 Dec 12;19(18):2420-7. doi: 10.1093/bioinformatics/btg340.","Köhler J","Bioinformatics","2003","2003/12/12","","","10.1093/bioinformatics/btg340"
"18789876","Knowledge-data integration for temporal reasoning in a clinical trial system","O'Connor MJ, Shankar RD, Parrish DB, Das AK.","Int J Med Inform. 2009 Apr;78 Suppl 1:S77-85. doi: 10.1016/j.ijmedinf.2008.07.013. Epub 2008 Sep 13.","O'Connor MJ","Int J Med Inform","2009","2008/09/16","","","10.1016/j.ijmedinf.2008.07.013"
"12520030","iProClass: an integrated database of protein family, function and structure information","Huang H, Barker WC, Chen Y, Wu CH.","Nucleic Acids Res. 2003 Jan 1;31(1):390-2. doi: 10.1093/nar/gkg044.","Huang H","Nucleic Acids Res","2003","2003/01/10","PMC165491","","10.1093/nar/gkg044"
"23244467","COEUS: ""semantic web in a box"" for biomedical applications","Lopes P, Oliveira JL.","J Biomed Semantics. 2012 Dec 17;3(1):11. doi: 10.1186/2041-1480-3-11.","Lopes P","J Biomed Semantics","2012","2012/12/19","PMC3554586","","10.1186/2041-1480-3-11"
"12542408","The semantic metadatabase (SEMEDA): ontology based integration of federated molecular biological data sources","Köhler J, Schulze-Kremer S.","In Silico Biol. 2002;2(3):219-31.","Köhler J","In Silico Biol","2002","2003/01/25","","",""
"17238664","Ontology-driven mapping of temporal data in biomedical databases","Narayanan PS, O'Connor MJ, Das AK.","AMIA Annu Symp Proc. 2006;2006:1045.","Narayanan PS","AMIA Annu Symp Proc","2006","2007/01/24","PMC1839378","",""
"15853268","Evolving from standard vocabularies to formal ontology for an information system dedicated to organ transplantation","Burgun A, Golbreich C, Jacquelinet C.","Stud Health Technol Inform. 2004;102:132-44.","Burgun A","Stud Health Technol Inform","2004","2005/04/28","","",""
"12066842","A database system for the analysis of biochemical pathways","Rojas I, Bernardi L, Ratsch E, Kania R, Wittig U, Saric J.","In Silico Biol. 2002;2(2):75-86.","Rojas I","In Silico Biol","2002","2002/06/18","","",""
"18048193","A case study of integrating protein interaction data using semantic web technology","Dhanapalan L, Chen JY.","Int J Bioinform Res Appl. 2007;3(3):286-302. doi: 10.1504/IJBRA.2007.015004.","Dhanapalan L","Int J Bioinform Res Appl","2007","2007/12/01","","","10.1504/IJBRA.2007.015004"
