Title,Authors,Source,Year,Language,Doi,Abstract,Not Available,Ad Hoc,Unrelated (Title),Unrelated (Abstract),Unrelated (First read),Small or informal ontologies,Proceedings,Survey,Kept After 2nd Filter,Specific field,Based on,Comments,Worth contacting the author
A cloud-based framework for collaborative data management in the VPH-share project,"Benkner, Siegfried (1); Borckholder, Chris (1); Bubak, Marian (2); Kaniovskyi, Yuriy (1); Knight, Richard (3); Koehler, Martin (1); Koulouzis, Spiros (2); Nowakowski, Piotr (2); Wood, Steven (3) ","Proceedings - 27th International Conference on Advanced Information Networking and Applications Workshops, WAINA 2013",2013.0,English,10.1109/WAINA.2013.58,"The VPH-Share project objective is to store, share, integrate, and link data, information, knowledge, and wisdom about the physiopathology of the human body to enable their reuse within the virtual physiological human community. Therefore, the projects develops a modular and generic data management platform on top of a distributed Cloud infrastructure. The data management platform enables the ontological annotation of VPH-relevant datasets, their provisioning in the Cloud, and supports different data integration approaches. In this paper we present the architecture and implementation of this VPH-Share Cloud and data management platform and we go into detail about two different data integration approaches: relational data mediation, which has been realized on top of a distributed data mediation engine, and semantic data integration, which is supported on the basis of the SPARQL federation extension. Both approaches are examined on top of a project-specific scenario executed in the VPH-Share Cloud environment. © 2013 IEEE.",,,,,,,,,1,,,,
A method of building virtual datacenter based on semantic views,"Li, Huayu (1); Ouyang, Chunping (2) ","Proceedings - 2011 8th IEEE International Conference on e-Business Engineering, ICEBE 2011",2011.0,English,10.1109/ICEBE.2011.18,"Massive data exists in Well-Engineering domain, and they are distributed or heterogeneous. These features lead to difficulties during data integration and global decision making. For this problem, this paper proposes a solution of building virtual data center by means of semantic integration technology. In this method, schemas of data sources are firstly mapped to semantic views on domain ontology, secondly, with translation algorithm, global semantic query is rewritten into series of SQL statements which will be dispatched to relevant data sources and executed on local sites, finally, query results are reorganized and submitted to users. By practical application, this virtual data center can supply semantic-based data support for well production decision. © 2011 IEEE.",,,,,,,,,1,,,,
DartGrid III: A semantic grid toolkit for data integration,"Chen H., Wu Z.",Scopus,2005.0,English,10.1109/SKG.2005.60,"A toolkit called DartGrid1 using technologies from either semantic web or grid is introduced. It is build upon Globus Toolkit and uses RDF-based ontology to integrate heterogeneous relational databases. Technically, database resources are exposed as grid services and organized as an ontology-based virtual organization. By uniformly defined domain semantics, data resources are semantically registered to an semantic registration service and seamlessly integrated together to provide unified semantic query and semantic search service. Furthermore, a set of semantic tools are developed to raise the level of interaction with the system to a semantic level. A visual mapping tool is offered to help data provider to define semantic mapping from relational schema to shared ontology. A visual query tool which can automatically generated query interface based on ontology definitions, is provided to help specify complex semantic queries. A search-engine-like interface is offered to enable quickly search and semantically navigate data from one database to another database. DartGrid is a deployed system that currently provides query and search service at China Academy of Traditional Chinese Medicine2. © 2006 IEEE.",,,,,,,,,1,,,,
Data integration for the semantic web with full preferences,"Curé, Olivier (1) ","International Conference on Information and Knowledge Management, Proceedings",2008.0,English,10.1145/1458484.1458495,"This paper presents a tool that enables the integration of data stored in relational databases into Semantic Web compliant knowledge bases. The resulting knowledge bases are represented using Description Logics and can thus be translated into theWeb Ontology language (OWL). Our approach tackles the impedance mismatch problem which is due to the storage of data in (relational) databases and objects in the knowledge bases. This problem is addressed with a mapping language that allows to specify how to transform data into objects. Another issue undertaken by our solution is related to inconsistencies emerging when contradicting values can be integrated into a given object. In order to deal with these inconsistencies, we enable users to set preferences over mapping views and their attributes. This approach provides a fine grained solution to design consistent knowledge bases. © 2008 ACM.",,,,,,,,,1,,,,
Development of a Novel Semantic-based System Integration Framework,"Banhalmi, A. (1); Paczolay, D. (1); Vegh, A.Z. (1); Antal, G. (1); Bilicki, V. (1) ",2013 3rd Eastern European Regional Conference on the Engineering of Computer-Based Systems,2013.0,English,10.1109/ECBS-EERC.2013.11,"It is a frequent problem in system development when various different systems with similar functionality have to be integrated together. System integration generally means accessing, sharing and exchanging data among applications. This data sharing can be achieved by implementing interfaces for communication and data exchange, and services for all the applications to be integrated. However, this solution requires a large amount of human resources for software development and refactoring. Here, a novel framework is proposed for data integration that makes the process much simpler by generating all the source code needed for querying data of an integrated system. The proposed framework is based on two ontology mediators, namely, a local ontology generated for the data source to be integrated, and a global or central ontology for the common query interface. This way, the integration process is reduced to finding automatically or semi-automatically the mapping between the concepts of local and global ontologies. If this semantic matching is performed, then all the predefined SPARQL queries of global ontology will be rewritten automatically to queries belonging to data sources to be integrated. Hence, the differences between the systems to be integrated will appear just in the DAO (Data Access Object) layer that is generated according to the ontology alignments. The proposed integration technique does not need any program coding in practice (only visual concept matching has to be done semi-automatically), so the productivity of integration software development can be improved significantly. To demonstrate our concept, our novel framework is applied to real-world integration tasks. In this paper, the framework, methodology, experiences and some measurements relating to the productivity will be presented and discussed.",,,,,,,,,1,,,,
Dynamic description logic model for data integration,"Hao, Guoshun (1); Ma, Shilong (1); Sui, Yuefei (2); Lv, Jianghua (1) ",Frontiers of Computer Science in China,2008.0,English,10.1007/s11704-008-0030-y,"Data integration is the issue of retrieving and combining data residing at distributed and heterogeneous sources, and of providing users with transparent access without being aware of the details of the sources. Data integration is a very important issue because it deals with data infrastructure issues of coordinated computing systems. Despite its importance, the following key challenges make data integration one of the longest standing problems around: 1) how to solve the system heterogeneity; 2) how to build a global model; 3) how to process queries automatically and correctly; and 4) how to solve semantic heterogeneity. This paper presents an extended dynamic description logic language to describe systems with dynamic actions. By this language, a universal and unified model for relational database systems and a model for data integration are presented. This paper presents a universal and unified description logic model for relational databases. The model is universal because any relational database system can be automatically transformed to the model; it is unified because it integrates three essential components of relational databases together: description logic knowledge bases modeling the relational data, atomic modalities modeling the atomic relational operations, and combined modalities modeling the combined relational operations-queries. Furthermore, a description logic model for data integration is proposed which contains four layers of ontologies. Based on the model, a solution for each key challenge is proposed: a universal model eliminates system heterogeneity; a novel global model including three ontologies is proposed with some important benefits; a query process mechanism is provided by which user queries can be decomposed to queries over the sources; and for solving the semantic heterogeneity, this paper provides a framework under which semantic relations can be expressed and inferred. In summary, this paper presents a dynamic knowledge base framework by an extended description logic language. Under the framework, databases and data integration systems are modeled, the query processing problem is converted into a semantic-preserving rewriting problem, and many other issues of data integration can be formally studied. © 2008 Higher Education Press and Springer-Verlag GmbH.",,,,,,,,,1,,,,
How to best find a partner? An evaluation of editing approaches to construct R2RML mappings,"Pinkel, Christoph (1); Binnig, Carsten (2); Haase, Peter (1); Martin, Clemens (2); Sengupta, Kunal (3); Trame, Johannes (1) ",Lecture Notes in Computer Science (including subseries Lecture Notes in Artificial Intelligence and Lecture Notes in Bioinformatics),2014.0,English,10.1007/978-3-319-07443-6_45,"R2RML defines a language to express mappings from relational data to RDF. That way, applications built on top of the W3C Semantic Technology stack can seamlessly integrate relational data. A major obstacle to using R2RML, though, is the effort for manually curating the mappings. In particular in scenarios that aim to map data from huge and complex relational schemata (e.g., [5]) to more abstract ontologies efficient ways to support the mapping creation are needed. In previous work we presented a mapping editor that aims to reduce the human effort in mapping creation [12]. While assisting users in mapping construction the editor imposed a fixed editing approach, which turned out to be not optimal for all users and all kinds of mapping tasks. Most prominently, it is unclear on which of the two data models users should best start with the mapping construction. In this paper, we present the results of a comprehensive user study that evaluates different alternative editing approaches for constructing R2RML mapping rules. The study measures the efficiency and quality of mapping construction to find out which approach works better for users with different background knowledge and for different types of tasks. © 2014 Springer International Publishing.",,,,,,,,,1,,,,
Map-On: A web-based editor for visual ontology mapping,"Sicilia, A. (1); Nemirovski, G. (2); Nolle, A. (2) ","Semantic Web - Interoperability, Usability, Applicability",2017.0,English,10.3233/SW-160246,"This paper presents Map-On, a web-based editor for visual ontology mapping developed by the Architecture, Representation and Computation research group of La Salle, Ramon Llull University. The Map-On editor provides a graphical environment for the ontology mapping creation using an interactive graph layout. A point-and-click interface simplifies the mapping creation process. The editor automatically generates a R2RML document based on user inputs, particularly producing IRI patterns and SQL queries. It has been used in real scenarios alleviating the effort of coding R2RML statements which is one of the main barriers for adopting R2RML in research and in the industry.",,,,,,,,,1,,,,
"OBDA: Query Rewriting or Materialization? In Practice, Both!","Sequeda, J.F. (1); Arenas, M. (2); Miranker, D.P. (1) ",The Semantic Web - ISWC 2014. 13th International Semantic Web Conference. Proceedings: LNCS 8796,2014.0,English,10.1007/978-3-319-11964-9_34,"Given a source relational database, a target OWL ontology and a mapping from the source database to the target ontology, Ontology-Based Data Access (OBDA) concerns answering queries over the target ontology using these three components. This paper presents the development of UltrawrapOBDA, an OBDA system comprising bidirectional evaluation; that is, a hybridization of query rewriting and materialization. We observe that by compiling the ontological entailments as mappings, implementing the mappings as SQL views and materializing a subset of the views, the underlying SQL optimizer is able to reduce the execution time of a SPARQL query by rewriting the query in terms of the views specified by the mappings. To the best of our knowledge, this is the first OBDA system supporting ontologies with transitivity by using SQL recursion. Our contributions include: (1) an efficient algorithm to compile ontological entailments as mappings; (2) a proof that every SPARQL query can be rewritten into a SQL query in the context of mappings; (3) a cost model to determine which views to materialize to attain the fastest execution time; and (4) an empirical evaluation comparing with a state-of-the-art OBDA system, which validates the cost model and demonstrates favorable execution times.",,,,,,,,,1,,,,
Ontop: answering SPARQL queries over relational databases,"Calvanese, D. (1); Cogrel, B. (1); Komla-Ebri, S. (1); Kontchakov, R. (2); Lanti, D. (1); Rezk, M. (1); Rodriguez-Muro, M. (3); Guohui Xiao (1) ","Semantic Web - Interoperability, Usability, Applicability",2017.0,English,10.3233/SW-160217,"We present Ontop, an open-source Ontology-Based Data Access (OBDA) system that allows for querying relational data sources through a conceptual representation of the domain of interest, provided in terms of an ontology, to which the data sources are mapped. Key features of Ontop are its solid theoretical foundations, a virtual approach to OBDA, which avoids materializing triples and is implemented through the query rewriting technique, extensive optimizations exploiting all elements of the OBDA architecture, its compliance to all relevant W3C recommendations (including SPARQL queries, R2RML mappings, and OWL 2 QL and RDFS ontologies), and its support for all major relational databases.",,,,,,,,,1,,Ontop,,
R2BA: Rationalizing R2RML mapping by assertion,"Berardi, Rita (1); Vidal, Vania (2); Casanova, Marco A. (1) ","ICEIS 2015 - 17th International Conference on Enterprise Information Systems, Proceedings",2015.0,English,10.5220/0005337700050014,"The W3C RDB2RDF working group proposed R2RML as a standard mapping language that defines how to publish data stored in relational databases as RDF triples. However, R2RML mappings are sometimes difficult to understand, which may affect the users' understanding of the transformations the original data suffer until published as RDF triples. To address this problem, this paper extends a semi-automatic method to define R2RML mappings to include design rational, thereby helping publishers to document the design process and final users to consume the published data. The paper also proposes to use the design rationale captured to enrich the representation of the original data in RDF, which ontology matching algorithms may use to find potential links to other existing vocabularies, thereby promoting interoperability. Copyright © 2015 SCITEPRESS - Science and Technology Publications.",,,,,,,,,1,,,,
RDB2OWL: A Language for database to OWL mapping and its implementation,"Bumans G., Cerans K.",Scopus,2019.0,English,10.22364/bjmc.2019.7.4.02,Most data in industry still resides in relational databases (RDB) but Semantic web uses standard RDF and OWL formats. We consider a previously developed mapping language RDB2OWL allowing compact and end-user readable mapping specification. We describe the RDB2OWL implementation by translation into R2RML standard language that avoids the view rowset multiplication due to several 1-To-n relations from a single class in the ontology. © 2019 Baltic J. Modern Computing. All rights reserved.,,,,,,,,,1,,,,
Semantic integration of relational data using SPARQL,Jinpeng Wang (1); Zhuang Miao (1); Yafei Zhang (1); Jianjiang Lu (1),2008 Second International Symposium on Intelligent Information Technology Application,2008.0,English,10.1109/IITA.2008.72,"Data integration is the main problem encountered by applications that need to query across multiple autonomous and heterogeneous data sources. This paper addresses this problem using logic-based approach. We present a semantic integration infrastructure for relational data. In this integration infrastructure, ontology is used as the mediated schema. The formal semantics of SPARQL is defined according to the W3C candidate recommendation and translation algorithm from SPARQL to datalog is provided. A query rewriting algorithm based on datalog is also provided for heterogeneous data integration.",,,,,,,,,1,,,,
SEMEDA: Ontology based semantic integration of biological databases,"Köhler J., Philippi S., Lange M.",Scopus,2003.0,English,10.1093/bioinformatics/btg340,"Motivation: Many molecular biological databases are implemented on relational Database Management Systems, which provide standard interfaces like JDBC and ODBC for data and metadata exchange. By using these interfaces, many technical problems of database integration vanish and issues related to semantics remain, e.g. the use of different terms for the same things, different names for equivalent database attributes and missing links between relevant entries in different databases. Results: In this publication, principles and methods that were used to implement SEMEDA (Semantic Meta Database) are described. Database owners can use SEMEDA to provide semantically integrated access to their databases as well as to collaboratively edit and maintain ontologies and controlled vocabularies. Biologists can use SEMEDA to query the integrated databases in real time without having to know the structure or any technical details of the underlying databases.",,,,,,,,,1,,,,
